{
    "rmse": 0.7806714330798896,
    "mae": 0.6403065814217765,
    "r2": 0.06808687422759496
}